<?xml version="1.0" encoding="UTF-8"?>
<!--GERADO POR::  Lectora Inspire v.17.1.5-(11381) (http://www.trivantis.com) -->
<!--TÍTULO: C:\Users\rayan\OneDrive - G1learn\Cursos - EJA\Projeto Escala - G1\Scorm\Ensino Médio\1º ano\Matemática\Apresentação\Aula 1\Aula 1 -->

<manifest identifier="IDdoCurso" version="1.2"
          xmlns="http://www.imsproject.org/xsd/imscp_rootv1p1p2"
          xmlns:adlcp="http://www.adlnet.org/xsd/adlcp_rootv1p2"
          xmlns:xsi="http://www.w3.org/2001/XMLSchema-instance"
          xsi:schemaLocation="http://www.imsproject.org/xsd/imscp_rootv1p1p2 imscp_rootv1p1p2.xsd
                              http://www.imsglobal.org/xsd/imsmd_rootv1p2p1 imsmd_rootv1p2p1.xsd
                              http://www.adlnet.org/xsd/adlcp_rootv1p2 adlcp_rootv1p2.xsd" >

  <organizations default="IDdoCurso-org">
    <organization identifier="IDdoCurso-org">
      <title>Aula 1</title>
      <item identifier="I_A001" identifierref="A001">
        <title>A001</title>
        <adlcp:timelimitaction>continue,no message</adlcp:timelimitaction>
      </item>
      <metadata>
        <schema>ADL SCORM</schema>
        <schemaversion>1.2</schemaversion>
        <adlcp:location>Aula 1.xml</adlcp:location>
      </metadata>
    </organization>
  </organizations>

  <resources>
    <resource identifier="A001" type="webcontent" adlcp:scormtype="sco" href="a001index.html">
      <file href="a001index.html"/>
      <dependency identifierref="P_2"/>
      <dependency identifierref="P_155"/>
      <dependency identifierref="P_194"/>
      <dependency identifierref="R_images"/>
      <dependency identifierref="S_DLGFiles"/>
      <dependency identifierref="S_SCORMFiles"/>
      <dependency identifierref="S_BaseFiles"/>
    </resource>
    <resource identifier="P_2" type="webcontent" adlcp:scormtype="asset">
      <file href="page2.html"/>
      <dependency identifierref="P_155"/>
      <dependency identifierref="P_194"/>
      <dependency identifierref="R_images"/>
      <dependency identifierref="S_DLGFiles"/>
      <dependency identifierref="S_SCORMFiles"/>
      <dependency identifierref="S_BaseFiles"/>
    </resource>
    <resource identifier="P_155" type="webcontent" adlcp:scormtype="asset">
      <file href="page155.html"/>
      <dependency identifierref="R_images"/>
      <dependency identifierref="S_DLGFiles"/>
      <dependency identifierref="S_SCORMFiles"/>
      <dependency identifierref="S_BaseFiles"/>
    </resource>
    <resource identifier="P_194" type="webcontent" adlcp:scormtype="asset">
      <file href="page194.html"/>
      <dependency identifierref="R_images"/>
      <dependency identifierref="S_DLGFiles"/>
      <dependency identifierref="S_SCORMFiles"/>
      <dependency identifierref="S_BaseFiles"/>
    </resource>
    <resource identifier="R_images" type="webcontent" adlcp:scormtype="asset">
      <file href="images/button70.png"/>
      <file href="images/button70_over.png"/>
      <file href="images/button70_down.png"/>
      <file href="images/button70_disabled.png"/>
      <file href="images/button63.png"/>
      <file href="images/button63_over.png"/>
      <file href="images/button63_down.png"/>
      <file href="images/button63_disabled.png"/>
      <file href="images/button55.png"/>
      <file href="images/button55_over.png"/>
      <file href="images/button55_down.png"/>
      <file href="images/button55_disabled.png"/>
      <file href="images/imagem_169.jpg"/>
      <file href="images/imagem_2_170.jpg"/>
      <file href="images/imagem001_284.jpg"/>
      <file href="images/shape168.png"/>
      <file href="images/shape166.png"/>
      <file href="images/shape164.png"/>
      <file href="images/imagem1.png"/>
      <file href="images/imagem_2001_565.jpg"/>
      <file href="images/shape420.png"/>
      <file href="images/shape422.png"/>
      <file href="images/shape314.png"/>
      <file href="images/shape316.png"/>
      <file href="images/shape318.png"/>
    </resource>
    <resource identifier="S_DLGFiles" type="webcontent" adlcp:scormtype="asset">
      <file href="images/dlg-titlebar.gif"/>
      <file href="images/dlg-close.gif"/>
      <file href="images/dlg-resize.gif"/>
    </resource>
    <resource identifier="S_SCORMFiles" type="webcontent" adlcp:scormtype="asset">
      <file href="apiwrapper11.js"/>
      <file href="scofunctions.js"/>
    </resource>
    <resource identifier="S_BaseFiles" type="webcontent" adlcp:scormtype="asset">
      <file href="trivantis.css"/>
      <file href="dialog.css"/>
      <file href="trivantis.js"/>
      <file href="es6-promise-2.0.0.min.js"/>
      <file href="trivantis-timedate.js"/>
      <file href="trivantis-pagetracking.js"/>
      <file href="trivantis-pageplayer.js"/>
      <file href="trivantis-opautils.js"/>
      <file href="media/blank.mp4"/>
      <file href="trivantis-cookie.js"/>
      <file href="trivantis-dialog.js"/>
      <file href="trivantis-button.js"/>
      <file href="trivantis-image.js"/>
      <file href="trivantis-inline.js"/>
      <file href="trivantis-text.js"/>
      <file href="enc.js"/>
      <file href="trivantis-strings.js"/>
      <file href="trivantis-titlemgr-interact.js"/>
    </resource>
  </resources>

</manifest>
